unique_id,reco_id,v_gene,d_gene,j_gene,cdr3_length,vd_insertion,dj_insertion,v_3p_del,d_5p_del,d_3p_del,j_5p_del,seq
3342651214084702024,4136022995424645622,IGHV3-64*04,IGHD6-19*01,IGHJ4*02_F,39,A,AGCAGA,1,8,0,8,CACCATTTCCAGAGACAACTCCATGAACTCCCTGTCTCTGCAAATGAACAGTCTGAGAGCCGAGGACACGTCTGTGTATTACTGTGCGAGAGACAGTGGCCGGTACAGCAGAGACTCCTGGGGCCAGGGA
4770398013392084470,-3028283797572113380,IGHV3-23*04,IGHD3-10*01,IGHJ4*02_F,45,TC,CC,5,2,5,6,TTCCAGGGACAATTGCATGAATTCTACATATTTTCAAGTCGGCAGTCTGCGTGCAGAGGACACGGCCTCATATTATTGTCGGTCATCACTTATATACGGATAGTTATTCCTGGGCTCATGGGGCCAGGGA
-6785318672435007247,-3028283797572113380,IGHV3-23*04,IGHD3-10*01,IGHJ4*02_F,45,TC,CC,5,2,5,6,TTCCAGGGACAATTGCATGAATGCTACATGTTTTCAAGTCGGTAGTCTGCGTGAAGAGGACACGGCCTCATATTATTGTCGGTCATTACTTATATACGGACAGTTATTCCTGGGCTGATGGGGCCGGGGA
-6899001202539983799,-3028283797572113380,IGHV3-23*04,IGHD3-10*01,IGHJ4*02_F,45,TC,CC,5,2,5,6,TTCCAGAGACAAGTCCAAGGAGACACTGTATCTGTACATGATTAGCCTGAGAGTAGAAGACCCGGCCCTATATTATTGTCCGTTGTCACAAGGCTCCGGGCAGTTATTTTTTGGGACCTGGGGTCGGGGA
460496702627901797,-3028283797572113380,IGHV3-23*04,IGHD3-10*01,IGHJ4*02_F,45,TC,CC,5,2,5,6,CTCCAGACACAATACCAGGAGGAAGCTGCATCTGCAAACGAGGGTCCCGAAGGCCGAAGACACAGCCTTGTATTGCTGTGCTTCATTGCTGTGAATCGGTGAGTCCTTCCCTGTCTTCTGGGGCCGGGGA
-658078957913864792,3793981098606535537,IGHV3-23*04,IGHD4-23*01,IGHJ4*02_F,33,G,TA,4,3,4,6,CGGATTCGCCATCTCCATAGACGATTCCATCAAAACGCTGTATCTACAGATGAACAGCCTGAGAGGCGAGGACACGGCCGTATATTGCTGTGCGAGCTACTGTGGTAATACTGTTGTATGGGGCCCGGGA
-7798257147912034918,3793981098606535537,IGHV3-23*04,IGHD4-23*01,IGHJ4*02_F,33,G,TA,4,3,4,6,CGGATTCACCATCTCCATAGACGATTCCATCAAAACGCTGTATCTACAGATGAACAGCCTGAGAGGCGAGGACACGGCCGTGTATTGCTGTGCGAGCTACTGTGGTAATGCTGTTGGCTGGGGCCCGGGA
-7952692742360355799,-4686510979889113192,IGHV3-64*04,IGHD4-17*01,IGHJ4*02_F,54,A,GTCATAAGTATGG,0,3,0,1,CAATTCCAAGAATACTCTCTATCTGCAAATGAATAGCCTCAGATAAGAGGACACGGCTGTCTATTACTGTGCGAGAGAACTACGCTGACTACGTCGTAAGTATGGCTATTTTGACTCCTGGGGCCAGGGA
1533637568210783802,-4686510979889113192,IGHV3-64*04,IGHD4-17*01,IGHJ4*02_F,54,A,GTCATAAGTATGG,0,3,0,1,CAACTCCATCAACTCACTCTGTCTGCAAATGAAAAGTCTCACGTCTGAGGACACGTCTCTCTATTATTGTGCGAGAGAACTACGCTCTCTACGTCATAAATATGGCTCGTCCCTCTTCTGGGGCCCGGGA
8659822589160176673,4136022995424645622,IGHV3-64*04,IGHD6-19*01,IGHJ4*02_F,39,A,AGCAGA,1,8,0,8,CACCATTTCCAGAGACAATTCCAAGAACACCCTGTATCTGGAAATGAACGGCCTGAGAGCCGAGGACACGGCTATGTATTTCTGTGCGAGAGACAGTGGCTGGTACACCGGAGATTTCTGGGGCCGGGGA
562206148682631912,4136022995424645622,IGHV3-64*04,IGHD6-19*01,IGHJ4*02_F,39,A,AGCAGA,1,8,0,8,CACCATTTCCAGAGACAATTCCAAAAACACCCTGTATCTGGAAATGAACATCCTGAGAGCCGACGACACGGCTGTGTATTACTGTGCGAGAGACAGTGGCTGGTACAGCAGAGAGTAGTGGGGCCGGGGA
4101543271753761741,4136022995424645622,IGHV3-64*04,IGHD6-19*01,IGHJ4*02_F,39,A,AGCAGA,1,8,0,8,CACCATTTCCAGAGACAATTCCAAGAACACGCTGTATCTGGAAATGAACATCCTGGGAGCCGACGACACGGCTCTGTATTACTGTGCGAGAGACAGTGGCTGGTACAGCAGAGGGTAGTGGGGCCGGGGA
3893469965217752281,4136022995424645622,IGHV3-64*04,IGHD6-19*01,IGHJ4*02_F,39,A,AGCAGA,1,8,0,8,CGCCATCTCCAGAGACTATTCCAAAAACACGCTGTATCTGCCAATGAACAGCCTGAGACCTGAGGACACGGCTGTGTATTACTGTGGGAGAGACAGTGGTTGGTACAGCAGAGCCTCCTGGGGCCTGGGA
-1660016348269225692,4136022995424645622,IGHV3-64*04,IGHD6-19*01,IGHJ4*02_F,39,A,AGCAGA,1,8,0,8,CACCATCTCCAGAGACAATTCCAAGAACACCGTGTATTTGCAAATGAACAGCCTGAGAGCTGAGGACACGGCTGTTTATTACTGTGCGAGAGACTGTGGTTGGTACAGCAGAGTCTGTTGGGGCCAGGGA
-6170207641721615624,4049993021638163909,IGHV5-51*01,IGHD3-22*01,IGHJ4*02_F,48,,A,1,7,2,2,AGCCGACAAGTCCATCACTACTGCCTACCTGCAGTGGAGTAGCCTGAAGGCATCGGACACCGCCATCTATTACTGTGCGAGACTGTGATAGTAGTGGCTATTACTATTCTTTGACTGCTGGGGCCAGGGA
-6313721469389627735,4049993021638163909,IGHV5-51*01,IGHD3-22*01,IGHJ4*02_F,48,,A,1,7,2,2,AGCCGACAAGTCCATCACGACCGCCTACTTGCAGTGGACCGGTCTGAAGGCCTCGGACACCGCCATTTATTTGTGTGCGAGACTTTGATAATAGCGGTTATTACAATTCTTTGATCGATGGGGGCAGGGA
-6138895173485037185,56887323550580253,IGHV3-23*04,IGHD6-19*01,IGHJ4*02_F,48,CAGCGCCGTTT,,3,9,0,0,CAGAGACAATTCCAAGAATACTCTCTATCTGCAAATGAATAGCCTGAGAGCAGAGGACACGGCCGTATATTACTGTGCGAACGATGCCGTTTATGGGCTGGTACACCTCTTTGACGGCTGGGGCCAGGGA
4203982788930345093,56887323550580253,IGHV3-23*04,IGHD6-19*01,IGHJ4*02_F,48,CAGCGCCGTTT,,3,9,0,0,CAGAGACAATTCCAGGAACTCACTGTATCTGTAAATGAGCAGCCTGAGAGTCGAAGACACGGCCGTATATTATTGTGCGAAGACCGCCATTTGGTGGCTGGTACACCACATAGACGATTGGGGCCAGGGA
-6944130675537547589,56887323550580253,IGHV3-23*04,IGHD6-19*01,IGHJ4*02_F,48,CAGCGCCGTTT,,3,9,0,0,CAGAGACAATACGAGAATTTCACTGTATGTGCAAATGAACAGGCTTAGAGACGAGGACACGGCCGTATATTACTGTGCGAACAGCCCCATTTAGTGCCTGGGACACTACTCAGACGTCTGGGGCCAGGGA
-1103941004466551643,56887323550580253,IGHV3-23*04,IGHD6-19*01,IGHJ4*02_F,48,CAGCGCCGTTT,,3,9,0,0,CATAGACCATTCCATAAACACGCTGTATCTACAAATGAACAGCCTGAGAGCCGAGGACACGGCCCTATATTGCTGTGCGAACAGTGCTATTTAGTGGCTCGTACACTTGTTAGACGTTTGGGGCCCGGGA
4662051948016029452,56887323550580253,IGHV3-23*04,IGHD6-19*01,IGHJ4*02_F,48,CAGCGCCGTTT,,3,9,0,0,CATAGACCATTCCATAAACACGCTGTATCTACAAATGAACAGCCTGAGAGCCGAGGACACGGCCCTATATTGCTGTGCGAACAGTGCTATTTAGTGGCTCGTACACTTGTTAGACGTCTGGGGCCCGGGA
-1491399928372265317,-4774649505853404236,IGHV3-64*04,IGHD4-23*01,IGHJ4*02_F,39,GG,TAG,0,0,7,6,CAGCATTTCCAGAGACAACTCCAACAACTCCCTGTGTCTGCAAATGAACAGCCTCACATCAGAGGACACGTCTCTCTATTACTGTGCGAGAGAGGTGACTACCGCGGTCCTTGTCCGCTGGGGCCAGGGA
7301044111390827316,-4774649505853404236,IGHV3-64*04,IGHD4-23*01,IGHJ4*02_F,39,GG,TAG,0,0,7,6,CACCATTTCCAGAGACAATTCCAAGAACACTCTGCATCTGCAAATGAATGGCCTGACACCAGAAGACACAGCTATGTATTTCTGTGCGACAGAGCTGACTACGGTGGTCCTCGTTCGCTGGGGCCTGGGA
-3437542729890120064,-4774649505853404236,IGHV3-64*04,IGHD4-23*01,IGHJ4*02_F,39,GG,TAG,0,0,7,6,CACCATTTCCAGAGACAATTCCAAAAACACTCTGCATCTGCAAATGAATAGCCTGCCACCAGAAGACACAGCTGTCTATTACTGTGCGACAGAGGTGACTACGGGGGTCCTTGCCCGCTGGGGCCCGGGA
8729198669139471579,-4774649505853404236,IGHV3-64*04,IGHD4-23*01,IGHJ4*02_F,39,GG,TAG,0,0,7,6,CACCATTTCCAGAGACAATTCCAAAAACACTCTGCATCTGCAAATGAATAGCCTGACACCAGAAGACACAGCTGTCTATTACTGTGCGACAGAGGTGACTACCGTGGTCCTTGCCCTCTGGGGCCCGGGA
-3634043162377062123,-5814617604369594368,IGHV3-64*04,IGHD6-19*01,IGHJ4*02_F,42,ATCCCTGCAG,ATA,1,4,3,12,CGTTTCCGGAGACAAATCCATAAATTCCATGGATGTGTAGATGCATTTTGTAAAATAAGAGGACACAGCTTTCTCTTATTGTGCGAAAGGTCTGTGCTGGTATGAGATGACGGGTAGCTGGGGCTCAGGA
3020177226210406153,-5814617604369594368,IGHV3-64*04,IGHD6-19*01,IGHJ4*02_F,42,ATCCCTGCAG,ATA,1,4,3,12,CATTTCCAAAGACAATTCCATGAATGCCATTAATATACAAATGCACATTCTAAACCGAGAAGACACAGCTTCCTCCTGCTGTGCCAGAGGTGCCCGATGGGGACAGATTCAGGGTGTGTGGGGATTGGGA
7600716048248972826,-5814617604369594368,IGHV3-64*04,IGHD6-19*01,IGHJ4*02_F,42,ATCCCTGCAG,ATA,1,4,3,12,CGTTTCCAAAGACAATTCCATCCATACTATTCCCCTACAATTGCCTATTCTAAGGTGAGAAGATACGGCTTTGTCCTGCTGTGCCAGAGGTGCTTAATGGTGATAAATTCAGGGTCGGTGGGGATTGGGA
75219830094639980,-5814617604369594368,IGHV3-64*04,IGHD6-19*01,IGHJ4*02_F,42,ATCCCTGCAG,ATA,1,4,3,12,CTTTTCCAGATACAACTCTAGTAATAACGTCTATGTCCAAGTGAATTTGCTAACCCAAGATGACACGCCTATTTCTTTCTGTGCTCGAGGCTTCTGCAGGATTCGGTGGCCGGGCTGATGGGGCCGGGGA
1895204085760204442,-7386508587793434038,IGHV3-23*04,IGHD6-19*01,IGHJ4*02_F,48,CGAGTCTCCGAGTT,ACAT,0,6,7,6,CGGAGACAATTCCAAAAACACGCTGTATCTACACATGAAGGTCCTGAAAGCAGACGACACAGCCTTATATTACTGTGCGAAAGACGAGTCTCCGAGTTAGCTGTGGACATTTGTGCCGTGGGGCCTGGGA
5745334412515153620,-7386508587793434038,IGHV3-23*04,IGHD6-19*01,IGHJ4*02_F,48,CGAGTCTCCGAGTT,ACAT,0,6,7,6,CGGAGACAATTCCAAAAACACCCTGTATCTGCACATGAAGGTCCTGAAAGCAGACGACACAGCCTTATATTACTGTGCGAAAGACGAGTCTCCGAGTTAGCTGTGGACATTTGGGCGGTGGGGCCTGGGA
4062136893161647545,-7386508587793434038,IGHV3-23*04,IGHD6-19*01,IGHJ4*02_F,48,CGAGTCTCCGAGTT,ACAT,0,6,7,6,CAGAGACAATTCCAAGAACAAACTGCATCTGCAAATGAGCTTCCTGAGGGCCGAAGACACGGCCATCTATTTCTGTGCTAAAGACCGTTCTCCGACTTACGGGTGGACGTTCGTTGTCTGGGGCCTGGGA
-3991007531881892754,-7386508587793434038,IGHV3-23*04,IGHD6-19*01,IGHJ4*02_F,48,CGAGTCTCCGAGTT,ACAT,0,6,7,6,CAGAGACAATTCCAAAAACAAATTGTATCTGCAAATGAGCTGCCTGCGGGCCGAGGACACGGCCATCTATTTCTGTGCTAAAGACCGTTCTCCGACTTACGGGTGGACGTTCGTTGTCTGGGGCCTGGGA
7548414178576466944,8629825524036069437,IGHV3-64*04,IGHD4-23*01,IGHJ4*02_F,36,,TC,2,0,7,4,ATTCACCGTTTCCAGAGACAATACCAAGAACACTCTCTCCCTGCAAGTGAATAGCCTGAGATCAGAAGATACGGCTGTGTATTACTGTGCCAGATGACTACGGTGGTCCTTAGACTTGTGGGGTCCGGGA
5087453961413551137,8629825524036069437,IGHV3-64*04,IGHD4-23*01,IGHJ4*02_F,36,,TC,2,0,7,4,ATTCACCATTTCCAGAGACAATTCCAGGAGCAATTTGTACCTGCAAACGAGTAGCCTGAGTCCAGAGGACACGGCTGTATATTACTGTGCTAGATGACTACGGTGGTCTCTTGATGGTTGGGGCCCGGGA
6559849131423367148,8629825524036069437,IGHV3-64*04,IGHD4-23*01,IGHJ4*02_F,36,,TC,2,0,7,4,ATTCACCATCTCCAGAGACAATTCCAAAAACACGATGCATCTGCAAATGAACATCCCGGGAGCTGAAGACACGGCTATGTATTTCTGTGCCAGATGACTACCGAGGTCCTTTGTGCCCTGGGGTCGGGGA
7656332299308412694,8629825524036069437,IGHV3-64*04,IGHD4-23*01,IGHJ4*02_F,36,,TC,2,0,7,4,ATTCACCATCTCCAGAGACAATTCCAGAAACACGATGCATCTCCAAATGAACATCCCGAGAGCTGAAGACACGGCTATGTATTTCTGTGCCAGATGACTACCGAGGTCCTTTGTTCCCTGGGGTCGGGGA
-4635034142724780603,8629825524036069437,IGHV3-64*04,IGHD4-23*01,IGHJ4*02_F,36,,TC,2,0,7,4,ATTCACCATCTCCAGAGACGATTCCAAAAACACGATGCATCTGCAAATGAACATCCCGAGACCTGAAGACACGGCTATGTATTTCTGTGCCAGATGACTACCGCGGTCCTTTGTCCCCTGGGGTCGGGGA
