unique_id,reco_id,v_gene,d_gene,j_gene,cdr3_length,vd_insertion,dj_insertion,v_3p_del,d_5p_del,d_3p_del,j_5p_del,seq
-7686073538836268479,3567369541989076579,IGHV3-23*04,IGHD4-23*01,IGHJ4*02_F,36,C,TTC,4,0,7,4,GTTCACCATCTCCAGGGACAATTCCGAGAACACACTGTATCTGCAAATGAACAGCCTGAGAGCTGAGGACACGGCCGTATATTACTGTGCTACTGACTACGGCGGTTCCTATGTTTTCTGGGGCCAGGGA
-2664555646265423262,3567369541989076579,IGHV3-23*04,IGHD4-23*01,IGHJ4*02_F,36,C,TTC,4,0,7,4,GTTCACCATCTCCAGAGACGATTCCAAGAAAACGCTGTATCTGCAAATGAATAGCCTGGCAGCCGAAGACACGGCCGTATATTGCTGTGCGACTGACTACGGTGGTTCCGATGATTATTGGGGCCAGGGA
-7309029022796261379,3567369541989076579,IGHV3-23*04,IGHD4-23*01,IGHJ4*02_F,36,C,TTC,4,0,7,4,GTTCACCATCTCCAGAGACAATTCCAATAACACGCTGTGTCTGCACATGAACAGCCTGAGAGCCGTGGACTCGGCCGTATATTACTGTGTGACTGACTACGGTGGTTCCTTTGATTCTTGGGGCCAGGGA
-4894724859391254012,3567369541989076579,IGHV3-23*04,IGHD4-23*01,IGHJ4*02_F,36,C,TTC,4,0,7,4,GTTCACCATCTCCAGAGACAATTCCTATAACACGTTGTATCTGCACATGAACAGCCTGAGAGCCGAGGACTCGGCCGTATATTACTGTGTGACTGACTACGGTGGTTCCTTTGATTGCTGGGGCCAGGGA
-4259252422517374279,3567369541989076579,IGHV3-23*04,IGHD4-23*01,IGHJ4*02_F,36,C,TTC,4,0,7,4,GTTCACCATCTCCAGAGACACTTCCTATAACAGGCTGTATCTGCACATGAACAGCCTGAGAGCCGAGGACTCGGCCGTATATTACTGTGTGACTGACTACGGTGGTTCCTTTGATTGCTGGGGCCAGGGA
5991222966513372067,3567369541989076579,IGHV3-23*04,IGHD4-23*01,IGHJ4*02_F,36,C,TTC,4,0,7,4,GTTCACCATCTCCAGAGACAATTCCAGGAACACCCTGTATCTGCAGATGAACAGCCTGAGAGCCGAGGACACGGCCATATATTACTGTGCGACTGACTACGGCGGTCCCACGGACTGCTGGGGCCAGGGA
5155683188445764023,3567369541989076579,IGHV3-23*04,IGHD4-23*01,IGHJ4*02_F,36,C,TTC,4,0,7,4,GTTCACCATCTCCAGAGACAATTCCAAGAACACGCTGTATTTGCAGATGAACAGCCTGAGAGCCGAGGACACGGCCGTATATTACTGTGGGACTGACTACGGCGGTTCCTTAGTCTTCTGGGGCCAGGGA
5107816079165434137,3567369541989076579,IGHV3-23*04,IGHD4-23*01,IGHJ4*02_F,36,C,TTC,4,0,7,4,ATTCACTCTCTCCAGAGACAGTTTCAGGAACACCCTATCTCTACAAATGGACAGTCTGAGAGTTGAGGACACGGCCTTATATTACTGTGCGACTGACTACAGTGGTTCCTTTGACAATTGGGGCCAGGGA
3399679995412184464,3567369541989076579,IGHV3-23*04,IGHD4-23*01,IGHJ4*02_F,36,C,TTC,4,0,7,4,ATTCACTCTCTCCAGAGACAGTTTCAAGAACACCCTATCTCTACATATGGACAGTCTGAGAGTTGAGGACACGGCCTTATATTACTGTGCGATTGACTACGGTGGTTCTTTTGACTATTGGGGCCAGGGA
-2191605141072947159,3567369541989076579,IGHV3-23*04,IGHD4-23*01,IGHJ4*02_F,36,C,TTC,4,0,7,4,ATTCACTCTCTCCAGAGACGGTTCCAAGAACACCCTGTCTCTACAAATGGACAGTCTGAGAGTTGAAGACACGGCCGTATATTATTGTGCGACTGACTACGGGGGTTCCCCTGACTACTGGGGCCAGGGA
959485469565045897,-3900249391811136705,IGHV1-18*01,IGHD4-23*01,IGHJ4*02_F,72,GAATCACGCCGCCTTTATATGTATATCCAG,TGTGAGGG,0,0,7,6,CTACATGGAGCTGAGGAGCCTGAGATCTGACGACACGGCCGTCTATTACTGTGCGAGAGAGAATCGCGCCGCCTTTATATGTATGTCCAGTGACTACGGGGGTGTGAGGGTTGCCTCCTGGGGCCAGGGA
2954672526136100375,-3900249391811136705,IGHV1-18*01,IGHD4-23*01,IGHJ4*02_F,72,GAATCACGCCGCCTTTATATGTATATCCAG,TGTGAGGG,0,0,7,6,CTACATGGAGTTGAGGAGCCTGGAATCTGACGACACGGCCGTCTATTGCTGTGCGAGAGAGAATCAGGCTCCCTTTATATCTATATCCAGTGACTACGGTGGTGTGAGGGTCGTCTTCTGGGGCCAGGGA
4728473689712953047,-3900249391811136705,IGHV1-18*01,IGHD4-23*01,IGHJ4*02_F,72,GAATCACGCCGCCTTTATATGTATATCCAG,TGTGAGGG,0,0,7,6,CTACATGGAGTTGAGGAGCCTGGAATCTGACGACACGGCCGTCTATTGCTGTGCGAGAGAGAATCACGCTCCCTTTATATGTATATCCAGTGACTACGGTGGTGTGAGGGTCGTCTTCTGGGGCCAGGGA
-9182678746106381520,-3900249391811136705,IGHV1-18*01,IGHD4-23*01,IGHJ4*02_F,72,GAATCACGCCGCCTTTATATGTATATCCAG,TGTGAGGG,0,0,7,6,CTACATGGAGCTGACGAGCCTGAGATCTGACGACACGGCCGTGTATTACTGTGCGAGAGAGACTCACGCCGCCTTTATATGTATATCCGGTGACTACCGTGGTGTGAGGGTTGCCTACTGGGGCCAGGGA
-5703391318424749631,-3900249391811136705,IGHV1-18*01,IGHD4-23*01,IGHJ4*02_F,72,GAATCACGCCGCCTTTATATGTATATCCAG,TGTGAGGG,0,0,7,6,CTACATGGACCTGACAAGCCTGAGATCTGACGACACGGCCCTGTATTACTGTGCGAGAGAGAATCACGCCGCCTTTATATGTATATCCTGTGACTACCGTGGTGTGAGGGCTGCTGACTGGGGCCCGGGA
-1862424644224335641,-3900249391811136705,IGHV1-18*01,IGHD4-23*01,IGHJ4*02_F,72,GAATCACGCCGCCTTTATATGTATATCCAG,TGTGAGGG,0,0,7,6,CTACATGGAGCTGAGGAGCCTGACATCTGACGACACGGCCCTCTATTACTGTGCGAGAGACAATCACGCCGCCTTTATATGTATATCCAGTGACTACGGGGGTATGAGGGCAGACTACTGGGGCCAGGGA
-3532349372959165529,-3900249391811136705,IGHV1-18*01,IGHD4-23*01,IGHJ4*02_F,72,GAATCACGCCGCCTTTATATGTATATCCAG,TGTGAGGG,0,0,7,6,CTACGTGGACTTGAGGAGCCTGAGATCTGACGACACGGCCCTGTATTACTGTGCGAGAGAGGACCACGGCGCCTTTACATGTATATCCAGTGACTACGGGGGTGTAAGGGTTGACTCCTGGGGCCTGGGA
-4512429031982224104,-3900249391811136705,IGHV1-18*01,IGHD4-23*01,IGHJ4*02_F,72,GAATCACGCCGCCTTTATATGTATATCCAG,TGTGAGGG,0,0,7,6,CTACATGGATCTGAGGAGCCTAAGATTTGCCGACACGGCCTTATATTATTGTGCGAGAGAGAATCACGCTGCCTTTATATGTATATCCAGTGACTACGGTGGTGTGAGGGTTGACTCGTGGGGCCTGGGA
5691009498928384632,-3900249391811136705,IGHV1-18*01,IGHD4-23*01,IGHJ4*02_F,72,GAATCACGCCGCCTTTATATGTATATCCAG,TGTGAGGG,0,0,7,6,CTACATGGATCTGAGGAGTCTGAAATCTGACGACACGGCCGTGTATTAGTGTGCGAGAGAGAATTACACCGCCTTTATATGTATATCCAGTGACTACAGTCGTGTGTGGATTGATTGATGGGGCCAGGGA
6179743985321743440,-3900249391811136705,IGHV1-18*01,IGHD4-23*01,IGHJ4*02_F,72,GAATCACGCCGCCTTTATATGTATATCCAG,TGTGAGGG,0,0,7,6,CTACATGGAGCTGAGGAGTCTGAAATCTGACGACACGGCCGTGTATTAGTGTGCGAGAGAAAATTACACCACCTTTATATGTATATCCAGTGACTACAGTCGCGTGTGGAAGGTTTGATGGGGCCAGGGA
-3335818150898831032,-4861597764601799206,IGHV1-18*01,IGHD4-17*01,IGHJ4*02_F,48,TCTACCATGA,GG,4,3,0,1,CATTGACACATCCGCGGCAACAGCCTACATGGAGCTGACGAGCCTCAGATCTGACGACACGGCCGTATATTACTGTCCGGTCCACGTTGACTACATTGACTACGGCTACCTTGGGTGCTGGGGCCAGGGA
4393912027397308122,-4861597764601799206,IGHV1-18*01,IGHD4-17*01,IGHJ4*02_F,48,TCTACCATGA,GG,4,3,0,1,CATAGACGCATCCACGGGAACAGCCTACATGGAGTTGACGAGCCTTGAATCCGACGACACGGCCGTATATTGCTGTCCGGTCCCCCTTGTCTACAGTGACTACGGCGATCTTGATCGCTGGGGCCAGGGA
-2947272212631710575,-4861597764601799206,IGHV1-18*01,IGHD4-17*01,IGHJ4*02_F,48,TCTACCATGA,GG,4,3,0,1,CATCGACACATCCACGAAAACAGCCTGGATGGAGCTGAGGACCCTCATGTCTGTCGACGCGGCCGTATATTGCTGTGCGATTTACCGTGGCTACGGTGACTACGGCTTCTTTGATTACTGGGGCCAGGGA
6257921645533951910,-4861597764601799206,IGHV1-18*01,IGHD4-17*01,IGHJ4*02_F,48,TCTACCATGA,GG,4,3,0,1,CATAGACACATCCTCGAGCACAGCCTATATGGACTTGAGGAGCCTCACATCTGACGACGCGGCCCTATATTACTGTACGACCTACCGTGACTACAGTGACTACAGCGCCCTTGGCTTCTGGGGCCAGGGA
-1751121398117074010,-4861597764601799206,IGHV1-18*01,IGHD4-17*01,IGHJ4*02_F,48,TCTACCATGA,GG,4,3,0,1,CATAGACACATCCTCAACCACAGCCTACATGGATCTGAAAAGCCTGGCATCTGACGACACGGCCCTGTCTTACTGTGCGATCTGCCATGACTACTGTGACTACCGCTCTTTTGGCGCCTGGGGCCAGGGA
7774323675120165921,-4861597764601799206,IGHV1-18*01,IGHD4-17*01,IGHJ4*02_F,48,TCTACCATGA,GG,4,3,0,1,CATAGACACATCCTCAACCACAGCCTACATGGACCTGAAAAGCCTGGCATCTGACGACACGGCCCTCTCTTACTGTGCGATCTGCCATGACCACCGTGACTACCACAATCTTGGCGTCTGGGGCCGGGGA
6762368318281314465,-4861597764601799206,IGHV1-18*01,IGHD4-17*01,IGHJ4*02_F,48,TCTACCATGA,GG,4,3,0,1,TATAGACATATGCTCAACCACAGCCTACATCGAACTGGAGAGTCTGGGATCTGACGACACGGCCGTGTCTTACTGTGCGATCTACCATGACTACCGTGACTACGGCTAACTTGGCTGCTGGGGCCCGGGA
5014427308448198017,-4861597764601799206,IGHV1-18*01,IGHD4-17*01,IGHJ4*02_F,48,TCTACCATGA,GG,4,3,0,1,CATAGACACGTTCTCAACCACAGCCTACATGGATCTGAAGAGCCTAGGATTTGACGACACGGCCTTATCTTATTGTGCGATCTACCATGGCTACCGTGACTACGGCTAACTTGGTTACTGGGGCCAGGGA
-39459290031797632,-4861597764601799206,IGHV1-18*01,IGHD4-17*01,IGHJ4*02_F,48,TCTACCATGA,GG,4,3,0,1,CATAGACACTCCCTTAACCACAGTCTACATGGATGTGAAGAGTCTGGAATCTGACGACACGGCCGTGTTTTATTGTGCGACCTGTCAAGACTACTGTAACAACAGCTATTTTAGCTCCTGGGGCCTGGGA
-7913839336258928724,-4861597764601799206,IGHV1-18*01,IGHD4-17*01,IGHJ4*02_F,48,TCTACCATGA,GG,4,3,0,1,CATAGACACTCCCTTAACCACAGTCTACATGGATGTGAAGAGTCTGGAATCTGACGACACGGCCGTGTTTTATTGTGCGACCTGTCAAGACTACTGTAACAACAGCTATTTTAGCACCTGGGGCCTGGGA
8898514100281529821,-150392469985980509,IGHV3-64*04,IGHD4-23*01,IGHJ4*02_F,39,TG,GGT,1,0,7,5,CACCATCTCCAGGGACAATTCCGAGAACACACTGTATCTGCAAATGAACAGCCTGAGAGCTGAGGACACGGCTGTATATTACTGTGCGAGAGTGTGACTACCGGGGGGCTTAGATCGGTGGGGCCTGGGA
8307499332272965034,-150392469985980509,IGHV3-64*04,IGHD4-23*01,IGHJ4*02_F,39,TG,GGT,1,0,7,5,CACCATCTCCAGAGACGATTCCAAGAAAACGGTGTATCTGCAACTGAATAGCCTGGAAACTGAAGACACGGCTGTATATTGCTGTGCGAGAGTGTGACTACCGTGGGGCTCAGACTCCTGGGGCCCGGGA
1295048398536463954,-150392469985980509,IGHV3-64*04,IGHD4-23*01,IGHJ4*02_F,39,TG,GGT,1,0,7,5,CACCATCTCCAGAGACAATTCCGAGAACACGTTGTGTCTGCACATGAACAGCCTGCGAGCTGGGGACTCGGCTGTATATTACTGTGTGAGAGTGTGACTACGGTGGGGTTTTGACTTCTGGGGCCAGGGA
-1289898854795344742,-150392469985980509,IGHV3-64*04,IGHD4-23*01,IGHJ4*02_F,39,TG,GGT,1,0,7,5,CACCATCTCCAGAGACACTTCCGATAACACGCTGTGTCTGCACATGAACAGCCTGAGAGCTGGGGACTCGGCTGTATATTACTGTGTGAGAGTGTGACTACGGTGGGGTTTTGACTTCTGGGGCCAGGGA
-2714043125222537414,-150392469985980509,IGHV3-64*04,IGHD4-23*01,IGHJ4*02_F,39,TG,GGT,1,0,7,5,CACCATCTCCAGAGACACTTCCGATAACACGCTGTGTCTGCACATGAACAGCCTGAGAGCTGGGGACTCGGCTGTATATTACTGTGTGAGAGTGTGACTACGGTGGGGTTTTGACTTCTGGGGCCAGGGA
-5970312711982023436,-150392469985980509,IGHV3-64*04,IGHD4-23*01,IGHJ4*02_F,39,TG,GGT,1,0,7,5,CACCATCTCCAGAGACAATTCCAATAACACGCTGTGTCTGCACATGAACAGCCTGAGACCTGGGGACTCGGCTGTATATTACTGTGTGAGAGTATGACTACGGTGGGATCACGACTTCTGGGGCCAGGGA
4703365704999791184,-150392469985980509,IGHV3-64*04,IGHD4-23*01,IGHJ4*02_F,39,TG,GGT,1,0,7,5,CACTATCTCCAGAGACAATTCCAATAACACGCTGTATTTCCACATGAACAGCCTGAGAGCTGAGGACTCGGCTGTGTATTACTGTGTGAGAGTGTGACTACGGGGGGGTTTTGATTCTTGGGGCCAGGGA
978981818009701388,-150392469985980509,IGHV3-64*04,IGHD4-23*01,IGHJ4*02_F,39,TG,GGT,1,0,7,5,CACCATCTCCAGAGACAATTGCAATAACACGCTATATTTGCACATGAACAGCCTGAGAGTTGAGGACTCGGCTTTGTATTACTGTGTGAGAGTGTGACTACGGGGGGGTTTTGATTCTTGGGGCCAGGGA
-8242012780253081518,-150392469985980509,IGHV3-64*04,IGHD4-23*01,IGHJ4*02_F,39,TG,GGT,1,0,7,5,CACCATCTCCAGAGACAATTCCATGAACACGGTGTATCTGCATATGAACAGTCTGAAACCTGAGGACACGGCTGTGTGTTAGTGTGCGAGAGTGTGACTACAGTAGGGTTTCGTGTCCTGGGGCCAGGGA
3314425465907414235,-150392469985980509,IGHV3-64*04,IGHD4-23*01,IGHJ4*02_F,39,TG,GGT,1,0,7,5,CACCATCTCCAGAGACGATTCCATGAACACGCTGTATCTGCAGATGAACAGTCTGAAACTTGAAGACACGGCTGTCTGTTAGTGTGCGAGAGCCTGACTACAGTAGACTACCGTGTACTGGGGCCGGGGA
6993106436994408665,3058679641455349016,IGHV3-64*04,IGHD4-23*01,IGHJ4*02_F,33,,,3,0,7,4,CGCATTCACCATCTCCAGAGACAATTCCAAGAATATGCTGTATCTGCACATGCACACCCTAACAATTGAAGACACGGCTCTGTATTACTGTGCGAGTGACTACGGCGGGCTCGCCGGCTGGGGTCTGGGA
-5368473310871028168,3058679641455349016,IGHV3-64*04,IGHD4-23*01,IGHJ4*02_F,33,,,3,0,7,4,CAGATTCAACATCTCCAGAGACGATTCCAATAAAACGCTGTATCTGCAGCTGAATAGCCTGGAAGCTGAAGACTCGGCTGTATATTGCTGTGTGAGTGACTACCGTGGCCTTGATCGTTGGGGCCAGGGA
2377997701051604858,3058679641455349016,IGHV3-64*04,IGHD4-23*01,IGHJ4*02_F,33,,,3,0,7,4,CACATTCACCATCTCCAGAGACGATTCCAAGAAAACGCTGTGTCTGCAACTGAATAGCCTGGAAACTGTAGACACGGCTGTATATTGCTGTGCGAGTGACTACGGTGGCTATGATGATTGGGGCCAGGGA
3223243562852653453,3058679641455349016,IGHV3-64*04,IGHD4-23*01,IGHJ4*02_F,33,,,3,0,7,4,CGGATTCACCATCTCCAGAGACAATTCCTAAAACACCTTGTATCTGCAAATGAACAGCCTGGGAGCTGAGGACACGGCTGTATGTTACTGTGCGAGTGACTACGGAGGCTATGCTGTCTGGGGCCCGGGA
8228448439827573179,3058679641455349016,IGHV3-64*04,IGHD4-23*01,IGHJ4*02_F,33,,,3,0,7,4,CGGATTCACCATCTCCAGAGACAGTTCCTAGAACATGCTCTATCTGTAAATGAACAGCCTGAGACCTGAGGACACGGCTCTATATTACTGTGCGAGTGACTACCGGGGCTTTGATCTCTGGGGCCGGGGA
6842505491614668,3058679641455349016,IGHV3-64*04,IGHD4-23*01,IGHJ4*02_F,33,,,3,0,7,4,CGGATTCACCATCTCCAGAGACAGTTCCTAGAACATGCTCTATCTGTAAATGAACAGCCTGAGACCTGAGGACACGGCTCTATATTACTGTGCGAGTGACTACCGGGGCTTTGATCTCTGGGGCCGGGGA
1165162832704035698,3058679641455349016,IGHV3-64*04,IGHD4-23*01,IGHJ4*02_F,33,,,3,0,7,4,TTGATTCACTATCTCCAGAGACAATTCCACGAACACCCTGTATGTACAAATGAACAGGCTGAGATCTGAGGACACGGCTGTCTATTACTGTGCGAGTGACTACCGAGGCTAAGGTCGCTGGGGCCAGGGA
1250552091342209609,3058679641455349016,IGHV3-64*04,IGHD4-23*01,IGHJ4*02_F,33,,,3,0,7,4,TTGATTCACCATCTCCAGAGACAATTTCACGAACACCCTATATGTGCAAATGAACAGCCTGAGATTTGAGGACACGGCTTTCTATTACTGTGCGAGTGACTACCGTGGCTAAGGTCGTTGGGGCCAGGGA
7769189853127662897,3058679641455349016,IGHV3-64*04,IGHD4-23*01,IGHJ4*02_F,33,,,3,0,7,4,TTGATTCACCATCTCCAGAGACAATTCCACGAACACCTTGTATCTGCATATGAAGAGCCTGAGACCTGAGGACACGGCTGTATATTACTGTGCGAGTGACTACAGAGGTGATGATAGCTGGGGCCAGGGA
4797832054056441890,3058679641455349016,IGHV3-64*04,IGHD4-23*01,IGHJ4*02_F,33,,,3,0,7,4,TTGATTCACCATCTCCAGAGACGATTCCACGAACACCCTGTATCTGCAAATGAACAGCCTGAGACTTGAAGACACGGCTGTATATTATTGTGCGAGTGACTACAGGGGCAATGATAGCTGGGGCCCGGGA
-3703662931893108130,7645669321549482400,IGHV3-23*04,IGHD3-22*01,IGHJ4*02_F,63,GCCTGCCAGAC,CTAAG,1,0,11,0,TGGAAGCGTCTATGTGTCGGTGACTACCCTGTAACATGACGACTCGGCCTTATATTGCTGTATGGAAGGCGTACTAGTCGTATCATCATGATAGTGGTGCTGGAACTTCTTCGTCTGCTGGGGCCAGGGA
2226155708671065567,7645669321549482400,IGHV3-23*04,IGHD3-22*01,IGHJ4*02_F,63,GCCTGCCAGAC,CTAAG,1,0,11,0,GGGAAGCGTCTGTGTGTGAGTGACTACCCTGTAACATGGCGACACGGCCCTATATTGCTGTACGGAAGGCATACTAGTCGTATCATCATGATATTGGTGCTAGAACATCTTCGTCAGCTGGGGCCAGGGA
-1204420828663025813,7645669321549482400,IGHV3-23*04,IGHD3-22*01,IGHJ4*02_F,63,GCCTGCCAGAC,CTAAG,1,0,11,0,GGGTACCATCTATGTGTGATTGAACAGCTTGAGAGGTGACGACACGGCCCTATATTACTGTACGGAAGACATACTAGACGTATCATCGCGTTACTGGTGATAAAACACCTTCGAGTGATGGGGCCAGGGA
-7885314563134590058,7645669321549482400,IGHV3-23*04,IGHD3-22*01,IGHJ4*02_F,63,GCCTGCCAGAC,CTAAG,1,0,11,0,TGATATGGTCTATCTGTGACTGAACCGCCTGAGAGGCGACGACACGGCCCTATATTCCTGTACGGAAGCCGTACTAGACGTGTCAGCGCGAGATTTGCTCTGGAACTTCTCCGGCCGATGGGGTCCGGGA
-3251127918041242691,7645669321549482400,IGHV3-23*04,IGHD3-22*01,IGHJ4*02_F,63,GCCTGCCAGAC,CTAAG,1,0,11,0,CGGTACGGTGTATCTATGAATGAAAAGCCTGAGAGACGACGACACGGCCCCATATTACTGTACGGAAGACATGCTAGACGTATGATCGCGAAACTTATTCTAAGACACTCGCGCCCACTGGGGTCTGGGA
-2157693738031150365,7645669321549482400,IGHV3-23*04,IGHD3-22*01,IGHJ4*02_F,63,GCCTGCCAGAC,CTAAG,1,0,11,0,AAACACACTGGATATGCATATGACCGACCTTCAGGTCGAAGACACGGCCATCTATTCCTGTGTGAAAGGCTTGCCTGCCGTGTTACTGTCAGAGTACTGGTGAGACTCTCCTGGATGCTGGGGCCCGGGA
-2205486331623860160,7645669321549482400,IGHV3-23*04,IGHD3-22*01,IGHJ4*02_F,63,GCCTGCCAGAC,CTAAG,1,0,11,0,GAACACACTGTGTTTACAAGTGGGCAGTCTGACGGCTGACGACACGGCCTTGTACTACTGTGTGAAAGATCAATCAGACGTAACGCTTTGATGATAATCCTAAAACGAATGTGAGCCGTGGGGCCTGGGA
-5409695574887133143,7645669321549482400,IGHV3-23*04,IGHD3-22*01,IGHJ4*02_F,63,GCCTGCCAGAC,CTAAG,1,0,11,0,GAAGACGCTATATTTCCAGGTGAGCAGTCTGACGGTTGACGACACGGCCTTGTACTAGTGTGTGAAAGATCATTCAGCAGTAATGCATTAATGATAATCCTAATACGATTGAGTACTGTGGGGCCTGGGA
-7063331975123906824,7645669321549482400,IGHV3-23*04,IGHD3-22*01,IGHJ4*02_F,63,GCCTGCCAGAC,CTAAG,1,0,11,0,GAAGACCTTATATTTCCATGTGAGCAGCCTGACGGGTGACGACACGGCCTTGTACTACTGTGTGAAAGTTCAATCAGCTGTAACGCTTTGATGGTAATCTTAAAACGAATGTGTGCTGTGGGGCCTGGGA
-3706611905816174611,7645669321549482400,IGHV3-23*04,IGHD3-22*01,IGHJ4*02_F,63,GCCTGCCAGAC,CTAAG,1,0,11,0,CAGCAGGATGTCTCTTCAAGTGAAGAGCCTGACAGTCGAAGACACGGGCTTATATGATTGTGCGAAGGAACTACCAGCAGTATCACTATAATACTTGTCCAATAACATGTGTGGAGTGTGGGGCCTGGGA
8534488366018352373,-1504001346246793251,IGHV5-51*01,IGHD4-23*01,IGHJ4*02_F,42,,GGCTCCCGGAT,0,1,7,8,CATTTCAGTCGACAAGTCCGTCGGTACCGCCTACCTGCAGTGGAACAGCCTCAAGGCGTCGGACACCGCCATATATTACTGTCCGGGACAGACTACTGTGGGGCTCCTCGATGAACAGTGGGGCCAGGGA
8474266258931297369,-1504001346246793251,IGHV5-51*01,IGHD4-23*01,IGHJ4*02_F,42,,GGCTCCCGGAT,0,1,7,8,CATTTCAGTCGACAAGTCCATCGGAACCGCCTACCTGCAGTGGAATAGCCTCGAGGCCTCGGACACCGCCATATATTACTGTCCGGGACAGACTACTGTGGGGCTCCTCGGTGAAGACTGGGGCCAGGGA
-3573880548706039426,-1504001346246793251,IGHV5-51*01,IGHD4-23*01,IGHJ4*02_F,42,,GGCTCCCGGAT,0,1,7,8,CATCTCAGTCGACAAGTCCTTGAGTACCGCCTATCTGCAGTGGAGCAGCCTCAAGGCCTCGGACGCTGCCATATATTACTGTCCGAGACAGACTACTGTGGAGTTCCTGGATGACCCCTGGGGGCAGGGA
-2898623113724227469,-1504001346246793251,IGHV5-51*01,IGHD4-23*01,IGHJ4*02_F,42,,GGCTCCCGGAT,0,1,7,8,CATCTCAGTCGACAAGTCCTTAAATACCGCCTAGGTGCAGTGGAACAGCCTCTGGGCCTCGGACGCCGCCATATGTTACTGTGCGAGACAGACTACTGTGGGGTTCCTGGATGATTCGTGGGGCCAGGGA
-7430492196453217977,-1504001346246793251,IGHV5-51*01,IGHD4-23*01,IGHJ4*02_F,42,,GGCTCCCGGAT,0,1,7,8,CATCTCAGTCGACATGTCCATGAATAGCGTCTACCTGTAGTGGAGCAGCCTCAAGGCCTCGGACGCCGCCATATATTACTGTGCGAGACAGACTACCGTGGGGTTCCTGGATGATTCCTGGGGCCAGGGA
-3279085613400653066,-1504001346246793251,IGHV5-51*01,IGHD4-23*01,IGHJ4*02_F,42,,GGCTCCCGGAT,0,1,7,8,CATCTCAGGCGACAGGTCCATCACCACCGCCTACCTGCATTGGAGCACCCTGAAGGCCTCGGACACCGCCATGTATTACTGTGGGAGACAGACTACGGTGGGACTCCCGGATGAGGCCTGGGGCCAGGGA
-8397961377952769060,-1504001346246793251,IGHV5-51*01,IGHD4-23*01,IGHJ4*02_F,42,,GGCTCCCGGAT,0,1,7,8,CATCTCAGACGACAGGTCCATCACCACCGCCTACGTGCATTGGAGCACCCTGAAGGCCTCGGACACCGCCATGTATTACTGTGGGAGACAGACTACGGTGGGGCCCCCGGATGTGCAGTGGGGCCAGGGA
3029523501640150891,-1504001346246793251,IGHV5-51*01,IGHD4-23*01,IGHJ4*02_F,42,,GGCTCCCGGAT,0,1,7,8,TATCTCGGCCGACAGGTTCAGCACCACCGCCTACCTACAGTGGCGCAGTCTCAAGGTTTCGGACACCGCCTTATATTATTGTGCGAGACAGACTACGGTGGGGCTCCCGGGTGCCCCCTGGGGCCAGGGA
-3363185254819567879,-1504001346246793251,IGHV5-51*01,IGHD4-23*01,IGHJ4*02_F,42,,GGCTCCCGGAT,0,1,7,8,TATCTCCGCCGACAGGTCCATCAGCACCGCCTACCTACATTGGCGGAGTCTGAAGGCTTCGGACACCGCCATGTATTAGTGTGCGAGACAGACTCCGCTGAGGCTTCCAGAGGGCTTCTGGGGCCAGGGA
2535077357122498276,-1504001346246793251,IGHV5-51*01,IGHD4-23*01,IGHJ4*02_F,42,,GGCTCCCGGAT,0,1,7,8,TATCTCGGCCGACGGGTCCATCAGCACCGCCTACCTACAGTGGCGCAGTCTGAAGGCTTCGGACACTGCCATCTATTAGTGTGCGAGACAGACTCCGCTGAACCTTCCAGAAGACTTCTGGGGCCAGGGA
4179573089646392624,2474176732704870598,IGHV3-23*04,IGHD3-10*01,IGHJ4*02_F,45,AATATC,ACCATAAGCA,6,2,11,11,CTCCAGAGACAATTCCAAGAATATGCTGTATCTCCAAATGAACACCCTCAGAGCCGAAGACACGGCCCTATATTACTGTGCAACATCATAACTTTGATTCGGGGAACCATAGGCATAATGGGGCCAGGGA
5764373653945310669,2474176732704870598,IGHV3-23*04,IGHD3-10*01,IGHJ4*02_F,45,AATATC,ACCATAAGCA,6,2,11,11,CTCCAGGGACAATTCCGAGAATATCCTGTATCTCCAAATGAACACCCTCAGAGTGGAAGACACGGCCCTATATTACTGTGCAATATCATTACTATGGTTCGGGGAACTATAAGCATATTGGGGCCCGGGA
6465981189310428761,2474176732704870598,IGHV3-23*04,IGHD3-10*01,IGHJ4*02_F,45,AATATC,ACCATAAGCA,6,2,11,11,CTCCAGAGACAATTCCAATAAAACGCTCTATCTGCAGATGAAGAGCCTGCCAGCCGACGACTCGGCCTTATATTACTGTGTAATATCATTACTTTGTTTCGGGGAACTATATGCGTCTTGGGGCCAGGGA
-6482619371075040483,2474176732704870598,IGHV3-23*04,IGHD3-10*01,IGHJ4*02_F,45,AATATC,ACCATAAGCA,6,2,11,11,CTCCAGAGACAGTTCCTACAAAATGCTCTATCTGTAAATGAAAAGCCTGCGAGCCGACGACACGGCCCTATATTACTGTGCAATATCATTACTATGTTTCGGGGAACCATAAGCGAATTGGGGCCAGGGA
-6425004310701470471,2474176732704870598,IGHV3-23*04,IGHD3-10*01,IGHJ4*02_F,45,AATATC,ACCATAAGCA,6,2,11,11,CTCCAGAGACAGTTCCTAGAAAATGCTCTATCTGTAGATGAAGAGCCTGCGAGCCGACGACACGGCCCTATATTACTGTGCAATATCATTACTATGTTTCGGGGAACCATAAGCGAATTGGGGCCAGGGA
-4336775549154604464,2474176732704870598,IGHV3-23*04,IGHD3-10*01,IGHJ4*02_F,45,AATATC,ACCATAAGCA,6,2,11,11,CTCCAGAGACAATTCCTGGAAAACCCTGTATCTGCAAATGAAGAGCCTGCGAGCCGACGACACGGCCGTATATTACTGTGCAATATCACTACTATGTTTCGGGGAACCATAAGCGATCTGGGGCCAGGGA
-6220849914777462949,2474176732704870598,IGHV3-23*04,IGHD3-10*01,IGHJ4*02_F,45,AATATC,ACCATAAGCA,6,2,11,11,CTCCAGAGACAATTCCTGGAAAACCCTGTATCTACAAATGAAGAGCCTGCGAGCTGACGACACGGCCGTATATTACTGTGCAATATCACTACTATGTTTCGGGGAACCATAAGCGCACTGGGGCCAGGGA
-4894738987339300132,2474176732704870598,IGHV3-23*04,IGHD3-10*01,IGHJ4*02_F,45,AATATC,ACCATAAGCA,6,2,11,11,CTCCAGAGACAATTTCTTGAAAACGCTATATCTGCAGATGAAGAGTCTGCCAGTCGACGACACGGCCTTATATTACTGTGCAATATCATTATTAAGTATCGGGGAACCATAAACGAGCTGGGGCCAGGGA
-5782865817571332931,2474176732704870598,IGHV3-23*04,IGHD3-10*01,IGHJ4*02_F,45,AATATC,ACCATAAGCA,6,2,11,11,CTCCAGAGACAATTTCTAGAAAACGTTATATCTGCATATGAAGAGCCTGCGAGTCGACGACACGGCCTTATATTACTGTGCGATATCTTTACTGTGTTTCGGGGAGCCATAAGCGTGCTGGGGCCTGGGA
7833004601430882147,2474176732704870598,IGHV3-23*04,IGHD3-10*01,IGHJ4*02_F,45,AATATC,ACCATAAGCA,6,2,11,11,CTCCAGAGACGATTCCAAGAGAACGCTGTATCTGCAAATGAAGAGCCTGCGAGTCGAAGACACGGCCGTATATTATTGTGCAATTTCAGGTCTATGTATCGGGGAACCTTAAGCGCACTGGGGCCAGGGA
-4721016618150599669,6461822648528028112,IGHV3-72*01,IGHD3-22*01,IGHJ4*02_F,45,T,GTCATAACTTCCCT,3,19,0,7,TTCAAGAGATGATTCAAAGAACTCACTGTATCTGCAAATGAACAGCCTTAAAACCGAGGACACGGCCGTGTATTATTGTACTAGTGGCTATTACTACGTCATAACTTCCCTTGCCTTTTGGGGCCAGGGA
4646836981356864549,6461822648528028112,IGHV3-72*01,IGHD3-22*01,IGHJ4*02_F,45,T,GTCATAACTTCCCT,3,19,0,7,TTCAAGAGATGATTCAAAGAACTCACTGTATCTGCAAATGAACAGCCTTAAAACCGAGGACACGGCCGTGTATTGTTGTGCTAGTGGCTATTACTACGTCATAGCTTCCCTTGCCTCTTGGGGCCAGGGA
5613635396812500112,6461822648528028112,IGHV3-72*01,IGHD3-22*01,IGHJ4*02_F,45,T,GTCATAACTTCCCT,3,19,0,7,CTCAAGAGATGATTCAACGAACTCACTGTATCTGCAAATGAACAGCCTCATAACCGAGGACACGGCCTTGTATTACTGTGCTAGTGGCTATTACTACGTCATAACTTCCCTTGCCTATTGGGGCCTGGGA
-1176478986458908807,6461822648528028112,IGHV3-72*01,IGHD3-22*01,IGHJ4*02_F,45,T,GTCATAACTTCCCT,3,19,0,7,CTCAAGAGATTATTCAAAGAACTCTCTGTATGTGCAAATGGACAGCCTGAAAACCGAGGACACGGCCGTGTATTACTGTGTTAGCCGTTATTACTACATCATAACTTCTCCAGCCCCCTGGGGCCAGGGA
-3187769843133911367,6461822648528028112,IGHV3-72*01,IGHD3-22*01,IGHJ4*02_F,45,T,GTCATAACTTCCCT,3,19,0,7,CTCAAGAGATTATTCAAAGAACTCTCTGTATGTGCAAATGGACAGCCTGAAAACCGAGGACACGGCCGTGTATTACTGTGTTAGCCGTTATTACTACATCATAACTTCTCCAGCCCCCTGGGGCCAGGGA
-7780975600561971968,6461822648528028112,IGHV3-72*01,IGHD3-22*01,IGHJ4*02_F,45,T,GTCATAACTTCCCT,3,19,0,7,CTCAAGAGATGAGTCAAAGAACTCACTGTATCTGCAAATGAACAGCCTGAAAACCGAGGACACGGCCGTGTATTATTGTGCTAGTGATTATTACTACCCCATAACTTCCCTGGACCCCTGGGGCCAGGGA
-8644954951977876206,6461822648528028112,IGHV3-72*01,IGHD3-22*01,IGHJ4*02_F,45,T,GTCATAACTTCCCT,3,19,0,7,CTCAAGAGATGAGTCAAAGAACTCACTATATCTGCAAATGAACAGCCTTAAAACCGAGGACTCGGCCGTGTATTATTGTGCTAGTGGTTATTACTACGTCATAACTTCCCTGGACTACTGGGGCCAGGGA
2997750769924202232,6461822648528028112,IGHV3-72*01,IGHD3-22*01,IGHJ4*02_F,45,T,GTCATAACTTCCCT,3,19,0,7,CTCAAGAGATGCGTCAAAGAACTCACTATATCTGCAAATGAACAGCCTTAAAACCGAGGACACGGCCGTGTATTATTGTGCTAGTGGTTGTTACTACCTCATAACTTCCCTGGACTGCTGGGGCCAGGGA
-7410486684599722025,6461822648528028112,IGHV3-72*01,IGHD3-22*01,IGHJ4*02_F,45,T,GTCATAACTTCCCT,3,19,0,7,CTCAAGAGATGAGTCAAAGAACTCACTGTATCTGCAAATGAACAGCCTGAAAACCGAGGACACGGCCGTGTATTATTGTGCTAGTGGTTATTACTACGTCATAACTTTCCTGGACTACTGGGGCCGGGGA
-4818417700119617806,6461822648528028112,IGHV3-72*01,IGHD3-22*01,IGHJ4*02_F,45,T,GTCATAACTTCCCT,3,19,0,7,CTCAAGAGATGAGTCAAAGAACTCACTGTATCTGCAAATGAACAGCCTGAAATTCGAGGACACGGCCATGTATTATTGTGCCAGTGGTTATTACTACGTCGTAACTTCCCTGGATTCCTGGGGCCAGGGA
-1380135196222770731,960850814437841744,IGHV3-64*04,IGHD3-10*01,IGHJ4*02_F,42,T,T,1,3,8,7,CATGTCCAGCGACAATTCCGAGGAAATCCTGTATCTGGAAATGAACACCCTCACAACTGAAGACACGGCTGTATATTACTGTCCGGGAGTTTACGGTGGCTCGGGGTGTTTTGACAGTTGGGGCCAGGGA
8522084593537788468,960850814437841744,IGHV3-64*04,IGHD3-10*01,IGHJ4*02_F,42,T,T,1,3,8,7,CATGTCCAGCGACAATTCCGAGGATATCCTGTATCTGGAAATGAACACCCTCACAACTGAAGACGCGGCTGTATATTACTGTCCGGGAGTTTACGGTGGCTCGGGGTGTTTTGCCAGTTGGGGCCAGGGA
-1084853325014245683,960850814437841744,IGHV3-64*04,IGHD3-10*01,IGHJ4*02_F,42,T,T,1,3,8,7,CATGTCCAGAGACAATTCCTAGGATATGTTGTGTCTGGAAATGAACACCCTCACAACTGGAGACACGGCTGTATATTACTGTCCGGGAGTTTACGATGGCTCGGGGTGTTTCGACAGTTGGGGCCTGGGA
2890721464140486779,960850814437841744,IGHV3-64*04,IGHD3-10*01,IGHJ4*02_F,42,T,T,1,3,8,7,CATGTCCAGAGACAATTCCTAGGATATGCTGTGTCTGGAAATGAACACCCTCACAACTGGAGACACGGCTGTATATTACTGTCCGGGAGTTTACGATGGCTCGGGGTGTTTCGACAGTTGGGGCCTGGGA
-5827794640344803485,960850814437841744,IGHV3-64*04,IGHD3-10*01,IGHJ4*02_F,42,T,T,1,3,8,7,CATGTCCAGAGACAATTCCAACGATATGCTGTCTCTGGAAATGAACACCCTCACAACTGGAGACACGGCTGTATATTACTGTCCGGGAGTTTACGATGGCTCGGGGTCTTTTGACGGTTGGGGCCTGGGA
-6080552065624483482,960850814437841744,IGHV3-64*04,IGHD3-10*01,IGHJ4*02_F,42,T,T,1,3,8,7,CATCTCCAGAGACAATTCCAAGAATATCCTGTATTTGCAGCTGAACACCCTGACATTTGAAGACACGGCTCTGTATTACTGTGGGAGAGTTTTCGGTGGTTCGGGGAATTTTGTAAGCTGGGGCCAGGGA
-3833750819095954528,960850814437841744,IGHV3-64*04,IGHD3-10*01,IGHJ4*02_F,42,T,T,1,3,8,7,TGGCTCCAGAGACAGTTGCAAGAATATCCTGTGTCTACACATGGACACTCTGACAATTGAAGACACGGCTCTGTATTACTGTGCGAGAGTTTTCTATGGTTCGGGGAATTTTGTCCGCTGGGGCCAGGGA
-357927387145428526,960850814437841744,IGHV3-64*04,IGHD3-10*01,IGHJ4*02_F,42,T,T,1,3,8,7,CATCTCCAGAGACAATTTCAAGAATATCCTATATCTGCAGATGAACACCCTCACAATTGCAGACACGGCTTTATATTATTGTGCGAGAGTTTTCTATGGTTCGGGTAGTTTTGTCCGCTGGGGCCAGGGA
-4279034656526656402,960850814437841744,IGHV3-64*04,IGHD3-10*01,IGHJ4*02_F,42,T,T,1,3,8,7,CCTCTCCAGAGACAATCCCATGAACAGCCTGTATCTGCATGTGACCACTCTGAAACCTGACGACACGGCTGTGTTTTATTGTGCGAGAGAATACTTTAGTACGGGGAGTTAGGAGTTTTGGCGCCGGGGA
-1763838723378510637,960850814437841744,IGHV3-64*04,IGHD3-10*01,IGHJ4*02_F,42,T,T,1,3,8,7,CCTCTCCAGAGACAATCCCATGAACAGCCTGTATCTGCATGTGACCACTCTGAAACCTGACGACACGGCTGTGTTTTATTGTGCGAGAGAATACTTTAGTACGGGGAGTTAAGAGTTTTGGCGCCGGGGA
